<?xml version="1.0" encoding="utf-8" ?>
<dwsync>
<file name="seta.png" server="C:/xampp/htdocs/sistema/" local="130072471339269150" remote="130072471330000000" Dst="2" />
<file name="button.png" server="C:/xampp/htdocs/sistema/" local="130072444676734140" remote="130072444670000000" Dst="2" />
<file name="menu_topo.png" server="C:/xampp/htdocs/sistema/" local="130072452298740094" remote="130072452290000000" Dst="2" />
<file name="separador_menu.png" server="C:/xampp/htdocs/sistema/" local="130072451923788648" remote="130072451920000000" Dst="2" />
<file name="deleta.jpg" server="C:/xampp/htdocs/sistema/" local="130007535880000000" remote="130007535880000000" Dst="2" />
<file name="correto.jpg" server="C:/xampp/htdocs/sistema/" local="130051927616959668" remote="130051927610000000" Dst="2" />
<file name="estrela_sepador.png" server="C:/xampp/htdocs/sistema/" local="130007535940000000" remote="130007535940000000" Dst="2" />
<file name="estrela_sepador_menu_esquerdo.png" server="C:/xampp/htdocs/sistema/" local="130007535960000000" remote="130007535960000000" Dst="2" />
<file name="estrela_vitrine.png" server="C:/xampp/htdocs/sistema/" local="130007535960000000" remote="130007535960000000" Dst="2" />
</dwsync>