<?xml version="1.0" encoding="utf-8" ?>
<dwsync>
<file name="header.php" server="C:/xampp/htdocs/School_System/" local="131225924606380832" remote="131225924600000000" Dst="2" />
<file name="footer.php" server="C:/xampp/htdocs/School_System/" local="131218955540119882" remote="131218955540000000" Dst="2" />
<file name="print_student_payment.php" server="C:/xampp/htdocs/School_System/" local="131225923006768916" remote="131225923000000000" Dst="2" />
<file name="courses_and_disciplines.php" server="C:/xampp/htdocs/School_System/" local="131219657716495208" remote="131219657710000000" Dst="2" />
<file name="students.php" server="C:/xampp/htdocs/School_System/" local="131219926301304383" remote="131219926300000000" Dst="2" />
<file name="cash_flow.php" server="C:/xampp/htdocs/School_System/" local="131225907420662446" remote="131225907420000000" Dst="2" />
<file name="teacher_historical.php" server="C:/xampp/htdocs/School_System/" local="131219756527489611" remote="131219756520000000" Dst="2" />
<file name="index.php" server="C:/xampp/htdocs/School_System/" local="131219950137028937" remote="131219950130000000" Dst="2" />
<file name="show_results.php" server="C:/xampp/htdocs/School_System/" local="131219929877726586" remote="131219929870000000" Dst="2" />
<file name="teachers.php" server="C:/xampp/htdocs/School_System/" local="131219738074490532" remote="131219738070000000" Dst="2" />
</dwsync>