<?xml version="1.0" encoding="utf-8" ?>
<dwsync>
<file name="reports.css" server="C:/xampp/htdocs/School_System/" local="130508911333706305" remote="130508911330000000" Dst="2" />
<file name="courses_and_disciplines.css" server="C:/xampp/htdocs/School_System/" local="130324591290479692" remote="130324591290000000" Dst="2" />
<file name="students.css" server="C:/xampp/htdocs/School_System/" local="130327901544698825" remote="130327901540000000" Dst="2" />
<file name="staff.css" server="C:/xampp/htdocs/School_System/" local="130509426610000000" remote="130509426610000000" Dst="2" />
<file name="history_of_the_teacher.css" server="C:/xampp/htdocs/School_System/" local="130326732538578073" remote="130326732530000000" Dst="2" />
<file name="index.css" server="C:/xampp/htdocs/School_System/" local="130509595476249153" remote="130509595470000000" Dst="2" />
<file name="show_results.css" server="C:/xampp/htdocs/School_System/" local="130509621409202433" remote="130509621400000000" Dst="2" />
<file name="teachers.css" server="C:/xampp/htdocs/School_System/" local="130326194327125733" remote="130326194320000000" Dst="2" />
<file name="search_result.css" server="C:/xampp/htdocs/School_System/" local="130509603494477769" remote="130509603490000000" Dst="2" />
<file name="footer.css" server="C:/xampp/htdocs/School_System/" local="130324480868963942" remote="130324480860000000" Dst="2" />
<file name="finance_sector.css" server="C:/xampp/htdocs/School_System/" local="130508963747324192" remote="130508963740000000" Dst="2" />
<file name="technical_support.css" server="C:/xampp/htdocs/School_System/" local="130318643758409441" remote="130318643750000000" Dst="2" />
<file name="header.css" server="C:/xampp/htdocs/School_System/" local="131218955160549260" remote="131218955160000000" Dst="2" />
</dwsync>